{
    "targets": {
        "Rate Performance Test": [

        {
            "key": "standard_dch_capacity",
            "group_type": "discharge",
            "pulse": false,
            "full_cycle": true,
            "group_selection": "first",
            "crate": [0.11, 0.5],
            "interest_variable": "capacity",
            "per_cycle": false,
            "test_type": "rpt"
            },
        {
            "key": "cycle",
            "group_type": "discharge",
            "full_cycle": true,
            "group_selection": "first",
            "interest_variable": "cycle",
            "crate": [0.11, 0.5],
            "pulse": false,
            "per_cycle": false,
            "test_type": "rpt"
        }
        ],
        "Cycle Aging": [
            {
                "key": "capacity_ch_cc",
                "group_type": "charge",
                "interest_variable": "cc_capacity",
                "per_cycle": true,
                "test_type": "cycling"
            },
            {
                "key": "capacity_ch_cv",
                "group_type": "charge",
                "interest_variable": "cv_capacity",
                "per_cycle": true,
                "test_type": "cycling"
            },
            {
                "key": "capacity_ch_total",
                "group_type": "charge",
                "interest_variable": "capacity",
                "per_cycle": true,
                "test_type": "cycling"
            },
            {
                "key": "capacity_dch_cc",
                "group_type": "discharge",
                "interest_variable": "cc_capacity",
                "per_cycle": true,
                "test_type": "cycling"
            },
            {
                "key": "capacity_dch_cv",
                "group_type": "discharge",
                "interest_variable": "cv_capacity",
                "per_cycle": true,
                "test_type": "cycling"
            },
            {
                "key": "capacity_dch_total",
                "group_type": "discharge",
                "interest_variable": "capacity",
                "per_cycle": true,
                "test_type": "cycling"
            },
            {
                "key": "energy_ch_cc",
                "group_type": "charge",
                "interest_variable": "cc_energy",
                "per_cycle": true,
                "test_type": "cycling"
            },
            {
                "key": "energy_ch_cv",
                "group_type": "charge",
                "interest_variable": "cv_energy",
                "per_cycle": true,
                "test_type": "cycling"
            },
            {
                "key": "energy_ch_total",
                "group_type": "charge",
                "interest_variable": "energy",
                "per_cycle": true,
                "test_type": "cycling"
            },
            {
                "key": "energy_dch_cc",
                "group_type": "discharge",
                "interest_variable": "cc_energy",
                "per_cycle": true,
                "test_type": "cycling"
            },
            {
                "key": "energy_dch_cv",
                "group_type": "discharge",
                "interest_variable": "cv_energy",
                "per_cycle": true,
                "test_type": "cycling"
            },
            {
                "key": "energy_dch_total",
                "group_type": "discharge",
                "interest_variable": "energy",
                "per_cycle": true,
                "test_type": "cycling"
            },

            {
                "key": "average_voltage_ch_cc",
                "group_type": "charge",
                "interest_variable": "ave_cc_u",
                "per_cycle": true,
                "test_type": "cycling"
            },
            {
                "key": "average_voltage_dch_cc",
                "group_type": "discharge",
                "interest_variable": "ave_cc_u",
                "per_cycle": true,
                "test_type": "cycling"
            },
            {
                "key": "U_min",
                "group_type": "discharge",
                "interest_variable": "u_min",
                "per_cycle": true,
                "test_type": "cycling"
            },
            {
                "key": "U_max",
                "group_type": "charge",
                "interest_variable": "u_max",
                "per_cycle": true,
                "test_type": "cycling"
            },
            {
                "key": "T_max_ch",
                "group_type": "charge",
                "interest_variable": "max_temp",
                "per_cycle": true,
                "test_type": "cycling"
            },
            {
                "key": "T_max_dch",
                "group_type": "discharge",
                "interest_variable": "max_temp",
                "per_cycle": true,
                "test_type": "cycling"
            },
            {
                "key": "t_ch_total",
                "group_type": "charge",
                "interest_variable": "duration",
                "per_cycle": true,
                "test_type": "cycling"
            },
            {
                "key": "t_dch_total",
                "group_type": "discharge",
                "interest_variable": "duration",
                "per_cycle": true,
                "test_type": "cycling"
            },
            {
                "key": "I_max_ch",
                "group_type": "charge",
                "interest_variable": "i_max",
                "per_cycle": true,
                "test_type": "cycling"
            },
            {
                "key": "I_max_dch",
                "group_type": "discharge",
                "interest_variable": "i_min",
                "per_cycle": true,
                "test_type": "cycling"
            },

            {
                "key": "coulombic_efficiency",
                "group_type": "charge",
                "interest_variable": "coulombic_efficiency",
                "per_cycle": true,
                "test_type": "cycling"
            },
            {
                "key": "energy_efficiency",
                "group_type": "charge",
                "interest_variable": "energy_efficiency",
                "per_cycle": true,
                "test_type": "cycling"
            },

            {
                "key": "voltage_drop",
                "group_type": "calendar",
                "interest_variable": "voltage_drop",
                "per_cycle": false
            },

            {
                "key": "T_max",
                "group_type": "calendar",
                "interest_variable": "max_temp",
                "per_cycle": false
            },
            {
                "key": "cycle",
                "group_type": "charge",
                "interest_variable": "cycle",
                "per_cycle": true,
                "test_type": "cycling"
            }






        ]
    }
    }
